celebrity_name,season,placement,estimated_fan_votes_millions,lower_bound_95ci,upper_bound_95ci,confidence_interval_width
Apolo Anton Ohno,4,1,7.444150357363777,6.5747619610888615,8.313538753638692,1.7387767925498308
Rashad Jennings,24,1,7.440079281358583,6.570690885083668,8.3094676776335,1.7387767925498316
Emmitt Smith,3,1,7.434476007077553,6.565087610802637,8.303864403352469,1.7387767925498316
Brooke Burke,7,1,7.406462701907869,6.537074305632953,8.275851098182784,1.7387767925498308
Jordan Fisher,25,1,7.394405524223954,6.525017127949038,8.26379392049887,1.7387767925498316
Charli D'Amelio,31,1,7.392353441824543,6.522965045549627,8.261741838099459,1.7387767925498316
Bindi Irwin,21,1,7.382384083734659,6.512995687459743,8.251772480009574,1.7387767925498308
Xochitl Gomez,32,1,7.381315670995271,6.511927274720355,8.250704067270187,1.7387767925498316
Donny Osmond,9,1,7.37774415277766,6.508355756502744,8.247132549052575,1.7387767925498308
Meryl Davis,18,1,7.371889391830152,6.502500995555236,8.241277788105068,1.7387767925498316
Shawn Johnson,8,1,7.3681453919475,6.498756995672585,8.237533788222416,1.7387767925498316
Kaitlyn Bristowe,29,1,7.352740386612175,6.483351990337259,8.22212878288709,1.7387767925498308
Jennifer Grey,11,1,7.351365996468097,6.481977600193181,8.220754392743013,1.7387767925498316
Adam Rippon,26,1,7.351195098208697,6.481806701933781,8.220583494483613,1.7387767925498316
Hines Ward,12,1,7.346809600116465,6.4774212038415495,8.216197996391381,1.7387767925498316
Alfonso Ribeiro,19,1,7.3293992328869635,6.460010836612048,8.19878762916188,1.7387767925498316
Iman Shumpert,30,1,7.327849299653276,6.45846090337836,8.197237695928191,1.7387767925498308
Melissa Rycroft,15,1,7.327077089592295,6.45768869331738,8.196465485867211,1.7387767925498316
Hannah Brown,28,1,7.3217925371924775,6.452404140917562,8.191180933467393,1.7387767925498316
J.R. Martinez,13,1,7.315812662514302,6.4464242662393865,8.185201058789218,1.7387767925498316
Joey Graziadei,33,1,7.286171520006775,6.416783123731859,8.15555991628169,1.7387767925498316
Drew Lachey,2,1,7.284547851805629,6.415159455530713,8.153936248080544,1.7387767925498316
Nyle DiMarco,22,1,7.2745434269427065,6.405155030667791,8.143931823217622,1.7387767925498316
Helio Castroneves,5,1,7.270741271965814,6.401352875690899,8.14012966824073,1.7387767925498316
Nicole Scherzinger,10,1,7.262257368763231,6.392868972488315,8.131645765038146,1.7387767925498308
Bobby Bones,27,1,7.246945395409582,6.377556999134666,8.116333791684497,1.7387767925498308
Rumer Willis,20,1,7.246044991591508,6.376656595316592,8.115433387866423,1.7387767925498308
Kelly Monaco,1,1,7.241505178818954,6.372116782544039,8.11089357509387,1.7387767925498316
Kristi Yamaguchi,6,1,7.194668090915075,6.325279694640159,8.06405648718999,1.7387767925498316
Donald Driver,14,1,7.189188593939737,6.319800197664821,8.058576990214652,1.7387767925498308
Gilles Marini,8,2,7.066950082483895,6.197561686208979,7.9363384787588105,1.7387767925498316
Lindsey Stirling,25,2,6.63378651834715,5.764398122072234,7.503174914622066,1.7387767925498316
Laila Ali,4,3,6.557735724125147,5.688347327850231,7.427124120400062,1.7387767925498316
Mel B,5,2,6.227150857264995,5.357762460990079,7.096539253539911,1.7387767925498316
Shawn Johnson,15,2,6.097678587220404,5.228290190945488,6.96706698349532,1.7387767925498316
Jason Taylor,6,2,6.054825001743733,5.1854366054688175,6.924213398018649,1.7387767925498316
Mya,9,2,5.603979028323554,4.734590632048638,6.47336742459847,1.7387767925498316
Joey Fatone,4,2,5.560678639918001,4.691290243643085,6.430067036192916,1.7387767925498316
Riker Lynch,20,2,5.528673602113789,4.659285205838874,6.398061998388705,1.7387767925498316
Mario Lopez,3,2,5.525299212021451,4.655910815746535,6.394687608296366,1.7387767925498316
JoJo Siwa,30,2,5.521066418698126,4.65167802242321,6.390454814973042,1.7387767925498316
Kirstie Alley,12,2,5.511167793351071,4.641779397076156,6.380556189625987,1.7387767925498316
Gabby Windey,31,2,5.502596007823504,4.633207611548588,6.37198440409842,1.7387767925498316
Katherine Jenkins,14,2,5.500786653769399,4.631398257494483,6.370175050044315,1.7387767925498316
Sadie Robertson,19,2,5.495781950404709,4.626393554129793,6.365170346679625,1.7387767925498316
Jana Kramer,23,4,5.490846373831621,4.621457977556705,6.360234770106537,1.7387767925498316
Jason Mraz,32,2,5.4807822838722595,4.611393887597344,6.350170680147175,1.7387767925498316
Josh Norman,26,2,5.480602727718139,4.6112143314432235,6.349991123993055,1.7387767925498316
Nick Carter,21,2,5.472475875094934,4.603087478820018,6.341864271369849,1.7387767925498316
Evan Lysacek,10,2,5.458840494498988,4.589452098224072,6.328228890773904,1.7387767925498316
Warren Sapp,7,2,5.446428557700326,4.57704016142541,6.315816953975242,1.7387767925498316
Nev Schulman,29,2,5.444995714929319,4.575607318654403,6.314384111204235,1.7387767925498316
James Hinchcliffe,23,2,5.440981113900152,4.5715927176252364,6.310369510175068,1.7387767925498316
Amber Riley,17,1,5.440570687470074,4.571182291195158,6.30995908374499,1.7387767925498316
Kel Mitchell,28,2,5.4391380363331425,4.569749640058227,6.308526432608058,1.7387767925498316
Corbin Bleu,17,2,5.422010965956397,4.552622569681481,6.291399362231313,1.7387767925498316
Amy Purdy,18,2,5.416827106504014,4.547438710229098,6.28621550277893,1.7387767925498316
Rob Kardashian,13,2,5.398589938080127,4.529201541805211,6.267978334355043,1.7387767925498316
Zendaya,16,2,5.396137940568894,4.5267495442939785,6.26552633684381,1.7387767925498316
Paige VanZant,22,2,5.362638532040635,4.493250135765719,6.232026928315551,1.7387767925498316
Kyle Massey,11,2,5.357567090965829,4.488178694690913,6.226955487240745,1.7387767925498316
Milo Manheim,27,2,5.352318921171326,4.48293052489641,6.221707317446242,1.7387767925498316
Jerry Rice,2,2,5.320543942948596,4.4511555466736805,6.189932339223512,1.7387767925498316
Ilona Maher,33,2,5.266714082261734,4.397325685986818,6.13610247853665,1.7387767925498316
Justina Machado,29,4,5.1333497245362905,4.263961328261375,6.002738120811206,1.7387767925498316
Kellie Pickler,16,1,5.068455182970406,4.19906678669549,5.937843579245322,1.7387767925498316
Laurie Hernandez,23,1,5.0331312497102,4.163742853435284,5.902519645985116,1.7387767925498316
Bill Engvall,17,4,4.746999084773438,3.8776106884985224,5.616387481048354,1.7387767925498312
David Ross,24,2,4.627361775000403,3.7579733787254876,5.496750171275319,1.7387767925498312
John O'Hurley,1,2,4.466578886512942,3.597190490238027,5.335967282787858,1.7387767925498312
Whitney Leavitt,34,6,4.446339829200798,3.5769514329258825,5.315728225475714,1.7387767925498312
Ricki Lake,13,3,4.277287502151883,3.4078991058769676,5.146675898426799,1.7387767925498312
William Levy,14,3,4.241954569859097,3.372566173584181,5.111342966134012,1.7387767925498312
Ginger Zee,22,3,4.168393659765892,3.2990052634909763,5.0377820560408075,1.7387767925498312
Stacy Keibler,2,3,4.1635101290251635,3.294121732750248,5.032898525300079,1.7387767925498312
Noah Galloway,20,3,4.157989286247428,3.2886008899725128,5.027377682522344,1.7387767925498312
Erin Andrews,10,3,4.152611663902819,3.283223267627904,5.022000060177735,1.7387767925498312
Chandler Kinney,33,3,4.132115783541183,3.2627273872662674,5.001504179816099,1.7387767925498312
Cristian de la Fuente,6,3,4.1256343352910125,3.256245939016097,4.995022731565928,1.7387767925498312
Lance Bass,7,3,4.124709806599432,3.2553214103245165,4.994098202874348,1.7387767925498312
Ally Brooke,28,3,4.121178113967616,3.251789717692701,4.990566510242532,1.7387767925498312
Jack Osbourne,17,3,4.112722128317303,3.243333732042388,4.982110524592219,1.7387767925498312
Jacoby Jones,16,3,4.1122677874651,3.242879391190185,4.981656183740016,1.7387767925498312
Melissa Rycroft,8,3,4.106650516989723,3.237262120714808,4.976038913264639,1.7387767925498312
Cody Rigsby,30,3,4.0979483384073605,3.228559942132445,4.967336734682276,1.7387767925498312
Kelly Monaco,15,3,4.092459642832181,3.2230712465572657,4.961848039107097,1.7387767925498312
Ariana Madix,32,3,4.085522187694545,3.21613379141963,4.954910583969461,1.7387767925498312
Janel Parrish,19,3,4.084880170867004,3.215491774592089,4.95426856714192,1.7387767925498312
Chelsea Kane,12,3,4.067979733245357,3.1985913369704417,4.937368129520273,1.7387767925498312
Jordan Chiles,34,3,4.066062182233472,3.196673785958557,4.935450578508388,1.7387767925498312
Calvin Johnson Jr.,23,3,4.058240486505614,3.1888520902306987,4.92762888278053,1.7387767925498312
Bristol Palin,11,3,4.026950025352598,3.1575616290776822,4.896338421627513,1.7387767925498312
Candace Cameron Bure,18,3,4.007873770883958,3.138485374609042,4.877262167158873,1.7387767925498312
Alek Skarlatos,21,3,3.982476328796975,3.1130879325220597,4.8518647250718905,1.7387767925498308
Evanna Lynch,27,3,3.980728939197926,3.1113405429230108,4.8501173354728415,1.7387767925498308
Frankie Muniz,25,3,3.978339404026549,3.108951007751634,4.847727800301465,1.7387767925498312
Marie Osmond,5,3,3.973122335073021,3.1037339387981056,4.842510731347937,1.7387767925498312
Nelly,29,3,3.9716762821878095,3.102287885912894,4.841064678462725,1.7387767925498312
Tonya Harding,26,3,3.9665179646249364,3.097129568350021,4.835906360899852,1.7387767925498308
Kelly Osbourne,9,3,3.9611575147359077,3.0917691184609923,4.830545911010823,1.7387767925498308
Joey McIntyre,1,3,3.9382010939186234,3.068812697643708,4.807589490193539,1.7387767925498312
Wayne Brady,31,3,3.879157123286171,3.0097687270112554,4.748545519561087,1.7387767925498312
Robert Irwin,34,1,3.6946333399500095,2.825244943675094,4.564021736224925,1.7387767925498308
Normani,24,3,3.624477441408129,2.7550890451332135,4.493865837683044,1.7387767925498308
Elaine Hendrix,34,5,3.6106685728674344,2.741280176592519,4.48005696914235,1.7387767925498308
Ty Murray,8,4,3.604700426010905,2.7353120297359896,4.474088822285821,1.7387767925498312
Tommy Chong,19,5,3.6043863423955833,2.734997946120668,4.473774738670499,1.7387767925498308
Alix Earle,34,2,3.5841504019435413,2.714762005668626,4.453538798218457,1.7387767925498308
Harry Jowsey,32,6,3.378790756235114,2.5094023599601987,4.24817915251003,1.7387767925498312
Drew Scott,25,4,3.37096740009901,2.501579003824095,4.240355796373926,1.7387767925498312
Joey Lawrence,3,3,3.3623012725141233,2.492912876239208,4.231689668789039,1.7387767925498308
Lisa Rinna,2,4,3.3220918179806453,2.45270342170573,4.191480214255561,1.7387767925498312
Alexandra Raisman,16,4,3.1952357702785257,2.3258473740036103,4.0646241665534415,1.7387767925498312
Charity Lawson,32,4,3.1264156928265647,2.2570272965516494,3.99580408910148,1.7387767925498308
Carlos PenaVega,21,4,3.1101729665146673,2.240784570239752,3.9795613627895827,1.7387767925498308
Marissa Jaret Winokur,6,4,3.10401494053766,2.2346265442627447,3.9734033368125754,1.7387767925498308
Alexis Ren,27,4,3.0900026283775883,2.220614232102673,3.9593910246525037,1.7387767925498308
Stephen Nedoroscik,33,4,3.0837056487293664,2.214317252454451,3.9530940450042817,1.7387767925498308
Bethany Mota,19,4,3.0780678328156323,2.208679436540717,3.9474562290905477,1.7387767925498308
James Maslow,18,4,3.075855981799214,2.206467585524299,3.9452443780741295,1.7387767925498308
Brandy,11,4,3.0727815638603597,2.2033931675854443,3.942169960135275,1.7387767925498308
Ian Ziering,4,4,3.06447749641616,2.1950891001412445,3.9338658926910752,1.7387767925498308
Amanda Kloots,30,4,3.0598114439720874,2.190423047697172,3.9291998402470028,1.7387767925498308
Shangela,31,4,3.045869294241874,2.1764808979669588,3.9152576905167895,1.7387767925498308
Dylan Efron,34,4,3.0270643267978747,2.1576759305229594,3.89645272307279,1.7387767925498308
Lauren Alaina,28,4,3.021465480526665,2.15207708425175,3.8908538768015806,1.7387767925498308
Mirai Nagasu,26,4,3.012465116682552,2.1430767204076364,3.881853512957467,1.7387767925498308
Jennie Garth,5,4,3.0060137477029576,2.136625351428042,3.875402143977873,1.7387767925498308
Joanna Krupa,9,4,2.9886540168529527,2.1192656205780374,3.858042413127868,1.7387767925498308
Simone Biles,24,4,2.982467095072717,2.1130786987978016,3.8518554913476324,1.7387767925498308
Rachel Hunter,1,4,2.9786223829652068,2.1092339866902914,3.848010779240122,1.7387767925498308
Cody Linley,7,4,2.974726881257889,2.1053384849829735,3.8441152775328042,1.7387767925498308
Maria Menounos,14,4,2.9743662879494313,2.104977891674516,3.8437546842243466,1.7387767925498308
Hope Solo,13,4,2.972864157452344,2.1034757611774286,3.8422525537272594,1.7387767925498308
Emmitt Smith,15,4,2.937011996217006,2.0676235999420904,3.806400392491921,1.7387767925498308
Monique Coleman,3,4,2.930712474723011,2.0613240784480955,3.8001008709979263,1.7387767925498308
Chad Ochocinco,10,4,2.9276572282376594,2.058268831962744,3.7970456245125748,1.7387767925498308
Ralph Macchio,12,4,2.9150684924958385,2.045680096220923,3.784456888770754,1.7387767925498308
Andy Richter,34,7,2.8767934677989824,2.007405071524067,3.7461818640738977,1.7387767925498308
Wanya Morris,22,4,2.80986130968588,1.9404729134109648,3.6792497059607956,1.7387767925498308
Ingo Rademacher,16,5,2.5454693584324617,1.6760809621575463,3.414857754707377,1.7387767925498308
Apolo Anton Ohno,15,5,2.489912789662661,1.6205243933877456,3.3593011859375763,1.7387767925498308
Nastia Liukin,20,4,2.437580020921218,1.5681916246463028,3.3069684171961335,1.7387767925498308
Lil' Kim,8,5,2.42012586864679,1.5507374723718748,3.2895142649217055,1.7387767925498308
Suni Lee,30,5,2.390886828551985,1.5214984322770695,3.2602752248269002,1.7387767925498308
Leah Remini,17,5,2.384597546391179,1.5152091501162634,3.253985942666094,1.7387767925498308
Victoria Arlen,25,5,2.335912389537698,1.4665239932627827,3.2053007858126135,1.7387767925498308
Danny Amendola,33,5,2.3198554420954127,1.4504670458204973,3.189243838370328,1.7387767925498308
Terra Jole,23,5,2.3103353828168873,1.440946986541972,3.1797237790918027,1.7387767925498308
Antonio Brown,22,5,2.310175482333246,1.4407870860583305,3.1795638786081613,1.7387767925498308
George Hamilton,2,5,2.2986644683949047,1.4292760721199893,3.16805286466982,1.7387767925498308
Cameron Mathison,5,5,2.279447815270211,1.4100594189952957,3.1488362115451265,1.7387767925498308
Tamar Braxton,21,5,2.2789828192144324,1.409594422939517,3.1483712154893477,1.7387767925498308
Charlie White,18,5,2.278223572754498,1.4088351764795828,3.1476119690294135,1.7387767925498308
James Van Der Beek,28,5,2.2744128651599675,1.4050244688850522,3.143801261434883,1.7387767925498308
Kurt Warner,11,5,2.254893365376687,1.3855049691017718,3.1242817616516025,1.7387767925498308
Nancy Grace,13,5,2.253592454884967,1.3842040586100515,3.122980851159882,1.7387767925498308
Chris Mazdzer,26,5,2.252657351920941,1.3832689556460256,3.1220457481958563,1.7387767925498308
Niecy Nash,10,5,2.250976259588517,1.3815878633136016,3.1203646558634324,1.7387767925498308
Evander Holyfield,1,5,2.250955075944374,1.3815666796694588,3.1203434722192895,1.7387767925498308
Aaron Carter,9,5,2.2507686136159517,1.3813802173410363,3.120157009890867,1.7387767925498308
Skai Jackson,29,5,2.239277670815196,1.3698892745402804,3.108666067090111,1.7387767925498308
Daniel Durant,31,5,2.2341963864687484,1.364807990193833,3.103584782743664,1.7387767925498308
Billy Ray Cyrus,4,5,2.230116833498416,1.3607284372235005,3.099505229773331,1.7387767925498308
Maurice Greene,7,5,2.2159395321079542,1.3465511358330389,3.0853279283828696,1.7387767925498308
Mario,6,5,2.194155980747809,1.3247675844728937,3.0635443770227244,1.7387767925498308
Alyson Hannigan,32,5,2.1798559671022026,1.3104675708272873,3.049244363377118,1.7387767925498308
Romeo,12,5,2.1570972927040377,1.2877088964291223,3.026485688978953,1.7387767925498308
Chris Soules,20,5,2.1387984736644863,1.269410077389571,3.0081868699394017,1.7387767925498308
Juan Pablo Di Pace,27,5,2.0284160292648843,1.159027632989969,2.8978044255397997,1.7387767925498308
Trevor Donovan,31,6,1.9985565786342878,1.1291681823593724,2.867944974909203,1.7387767925498308
Melissa Gilbert,14,5,1.9657045094737922,1.0963161131988768,2.8350929057487075,1.7387767925498308
Chuck Wicks,8,6,1.9089891721080214,1.0396007758331058,2.778377568382937,1.7387767925498312
Tia Carrere,2,6,1.8764346768856208,1.0070462806107052,2.7458230731605364,1.7387767925498312
Elizabeth Berkley Lauren,17,6,1.8529358603458035,0.983547464070888,2.722324256620719,1.7387767925498308
Jerry Springer,3,5,1.7732884901693502,0.9039000938944347,2.642676886444266,1.7387767925498312
Lea Thompson,19,6,1.7687181831819485,0.899329786907033,2.638106579456864,1.7387767925498308
Trista Sutter,1,6,1.7546379824198093,0.8852495861448938,2.6240263786947247,1.7387767925498308
Johnny Weir,29,6,1.7453609817116797,0.8759725854367643,2.614749377986595,1.7387767925498308
Sean Spicer,28,6,1.7291187052351744,0.8597303089602589,2.59850710151009,1.7387767925498308
Alexa PenaVega,21,6,1.707087393093864,0.8376989968189484,2.5764757893687795,1.7387767925498312
Melora Hardin,30,6,1.6629808920232978,0.7935924957483823,2.5323692882982134,1.7387767925498312
Roshon Fegan,14,6,1.6522512021517481,0.7828628058768327,2.5216395984266637,1.7387767925498312
Kendra Wilkinson,12,6,1.6495564038912334,0.7801680076163179,2.5189448001661487,1.7387767925498308
Robert Herjavec,20,6,1.6480050317618526,0.7786166354869372,2.517393428036768,1.7387767925498308
Bonner Bolton,24,5,1.6406191884503691,0.7712307921754536,2.5100075847252845,1.7387767925498308
Susan Lucci,7,6,1.6403897414998547,0.7710013452249392,2.50977813777477,1.7387767925498308
Pamela Anderson,10,6,1.6385468100620697,0.7691584137871542,2.507935206336985,1.7387767925498308
Gilles Marini,15,6,1.6375368753145856,0.7681484790396701,2.506925271589501,1.7387767925498308
Jane Seymour,5,6,1.6306894121659377,0.7613010158910222,2.500077808440853,1.7387767925498308
Sean Lowe,16,6,1.6121615892940329,0.7427731930191174,2.4815499855689485,1.7387767925498312
Jodie Sweetin,22,6,1.610713737907526,0.7413253416326105,2.4801021341824416,1.7387767925498312
Mark Dacascos,9,6,1.6097156618778945,0.740327265602979,2.47910405815281,1.7387767925498312
Danica McKellar,18,6,1.6005866456730353,0.7311982493981198,2.4699750419479507,1.7387767925498308
Shannon Elizabeth,6,6,1.594474707082217,0.7250863108073015,2.4638631033571325,1.7387767925498312
Rick Fox,11,6,1.5894630178128968,0.7200746215379813,2.458851414087812,1.7387767925498308
Joe Amabile,27,6,1.5889304757782532,0.7195420795033377,2.4583188720531686,1.7387767925498308
John Ratzenberger,4,6,1.5882025535246544,0.718814157249739,2.45759094979957,1.7387767925498308
Jennie Finch Daigle,26,6,1.574278671257981,0.7048902749830656,2.4436670675328966,1.7387767925498312
David Arquette,13,6,1.5742614764655338,0.7048730801906183,2.4436498727404494,1.7387767925498312
Lawrence Taylor,8,7,1.572402742351552,0.7030143460766366,2.4417911386264675,1.7387767925498308
Marilu Henner,23,6,1.5467569240950731,0.6773685278201577,2.4161453203699885,1.7387767925498308
Terrell Owens,25,6,1.5339300927967787,0.6645416965218632,2.4033184890716943,1.7387767925498312
Dwight HowardÂ ,33,6,1.454244417507831,0.5848560212329156,2.3236328137827464,1.7387767925498308
Nick Viall,24,6,1.4484331105630437,0.5790447142881282,2.317821506837959,1.7387767925498308
Michael Waltrip,19,7,1.3549205405795133,0.4855321443045978,2.224308936854429,1.7387767925498312
Ryan Lochte,23,7,1.3510013184539438,0.4816129221790283,2.220389714728859,1.7387767925498308
Kirstie Alley,15,7,1.3201744265321242,0.45078603025720876,2.18956282280704,1.7387767925498312
Michael Irvin,9,7,1.3198738454661383,0.4504854491912228,2.1892622417410537,1.7387767925498308
Brant Daugherty,17,7,1.3172783634099026,0.4478899671349871,2.186666759684818,1.7387767925498308
AJ McLean,29,7,1.3108694944375248,0.4414810981626093,2.1802578907124404,1.7387767925498312
Arike Ogunbowale,26,7,1.2909710203224831,0.42158262404756763,2.1603594165973985,1.7387767925498308
Vinny Guadagnino,31,7,1.2898695991416242,0.42048120286670876,2.1592579954165396,1.7387767925498308
Jaleel White,14,7,1.2786100242857563,0.40922162801084083,2.147998420560672,1.7387767925498312
Willow Shields,20,7,1.2586790905262961,0.38929069425138063,2.1280674868012115,1.7387767925498308
Audrina Patridge,11,7,1.2419224025725542,0.37253400629763866,2.1113107988474695,1.7387767925498308
Heather Mills,4,7,1.2389302349830833,0.3695418387081678,2.108318631257999,1.7387767925498312
Jake Pavelka,10,7,1.2255574842411794,0.3561690879662639,2.0949458805160948,1.7387767925498308
Marlee Matlin,6,7,1.2230142347214268,0.3536258384465113,2.092402630996342,1.7387767925498308
Chris Jericho,12,7,1.2222690734499528,0.35288067717503735,2.0916574697248684,1.7387767925498312
NeNe Leakes,18,7,1.2168910281457417,0.3475026318708262,2.086279424420657,1.7387767925498308
Melissa Joan Hart,9,9,1.2160457209222006,0.34665732464728516,2.0854341171971162,1.7387767925498312
Andy Grammer,21,7,1.2130909925750961,0.34370259630018063,2.0824793888500115,1.7387767925498308
Chaz Bono,13,7,1.2043161642530271,0.33492776797811163,2.0737045605279425,1.7387767925498308
Barry Williams,32,7,1.2037114836905483,0.33432308741563277,2.0730998799654636,1.7387767925498308
Kate Flannery,28,7,1.2009798322679426,0.3315914359930271,2.070368228542858,1.7387767925498312
Sabrina Bryan,5,7,1.1989073318725634,0.3295189355976479,2.0682957281474788,1.7387767925498308
Cloris Leachman,7,7,1.1804176095555328,0.3110292132806173,2.0498060058304484,1.7387767925498312
DeMarcus Ware,27,7,1.1721478734361634,0.30275947716124796,2.041536269711079,1.7387767925498312
Master P,2,7,1.165491897250737,0.2961035009758216,2.0348802935256525,1.7387767925498308
Louie Vito,9,8,1.161847958484695,0.29245956220977953,2.0312363547596104,1.7387767925498308
Jenn Tran,33,7,1.151429485321455,0.2820410890465396,2.0208178815963707,1.7387767925498312
Sara Evans,3,6,1.1360938601679245,0.266705463893009,2.00548225644284,1.7387767925498312
Willa Ford,3,7,1.1262161369668797,0.25682774069196423,1.9956045332417953,1.7387767925498312
Jimmie Allen,30,7,1.125565270955364,0.2561768746804486,1.9949536672302797,1.7387767925498312
Vanessa Lachey,25,7,1.1144523172697394,0.24506392099482388,1.9838407135446547,1.7387767925498308
"Nicole ""Snooki"" Polizzi",17,8,1.112709868876648,0.24332147260173242,1.9820982651515635,1.7387767925498312
Andy Dick,16,7,1.1028804774535486,0.23349208117863307,1.972268873728464,1.7387767925498308
Von Miller,22,7,1.0974756642487336,0.22808726797381806,1.966864060523649,1.7387767925498308
Nancy Kerrigan,24,7,1.0889823279367976,0.21959393166188212,1.9583707242117132,1.7387767925498312
Nikki Bella,25,8,1.036848409019261,0.1674600127443454,1.9062368052941765,1.7387767925498312
Antonio Sabato Jr.,19,8,1.0297254180738618,0.16033702179894627,1.8991138143487771,1.7387767925498308
John Schneider,27,8,1.0176773856260217,0.14828898935110624,1.887065781900937,1.7387767925498308
Danielle Fishel,34,8,0.9996092473269058,0.13022085105199033,1.8689976436018214,1.7387767925498312
Chrishell Stause,29,8,0.9991220843184372,0.1297336880435217,1.8685104805933528,1.7387767925498312
Maureen McCormick,23,8,0.9990575800419993,0.1296691837670838,1.8684459763169148,1.738776792549831
Kim Fields,22,8,0.9974728958206931,0.1280844995457776,1.8668612920956087,1.7387767925498312
Hayes Grier,21,8,0.9726144574890128,0.10322606121409728,1.8420028537639284,1.7387767925498312
Steve-O,8,8,0.9638723823275338,0.09448398605261832,1.8332607786024493,1.738776792549831
Gladys Knight,14,8,0.9524132405291876,0.08302484425427215,1.821801636804103,1.7387767925498308
Olivia Jade,30,8,0.9366152048700997,0.06722680859518426,1.8060036011450151,1.7387767925498308
Karamo Brown,28,8,0.9293648111995266,0.05997641492461114,1.7987532074744421,1.738776792549831
Kenny Mayne,2,10,0.9293561068895596,0.05996771061464412,1.798744503164475,1.738776792549831
Heidi D'Amelio,31,8,0.9269945757483001,0.057606179473384644,1.7963829720232156,1.738776792549831
Mark Cuban,5,8,0.9243320889068555,0.05494369263193999,1.793720485181771,1.738776792549831
Sabrina Bryan,15,8,0.924018074873177,0.05462967859826151,1.7934064711480926,1.7387767925498312
Florence Henderson,11,8,0.9142713766695948,0.044882980394679306,1.7836597729445103,1.738776792549831
Victor Ortiz,16,8,0.8962421710392883,0.026853774764372784,1.7656305673142039,1.7387767925498312
Carson Kressley,13,8,0.8937491870950612,0.02436079082014575,1.7631375833699767,1.738776792549831
Petra Nemcova,12,8,0.8845812665080293,0.015192870233113775,1.7539696627829446,1.7387767925498308
Priscilla Presley,6,8,0.8803462018495889,0.010957805574673407,1.7497345981245043,1.7387767925498308
Lele Pons,32,8,0.8729724695947105,0.0035840733197950447,1.742360865869626,1.7387767925498308
Drew Carey,18,8,0.8681992662551696,0.0,1.737587662530085,1.737587662530085
Patti LaBelle,20,8,0.856233951548744,0.0,1.7256223478236596,1.7256223478236596
Natalie Coughlin,9,10,0.8539472820798737,0.0,1.7233356783547893,1.7233356783547893
Toni Braxton,7,8,0.83446342558327,0.0,1.7038518218581855,1.7038518218581855
David Alan Grier,8,9,0.8310234840840449,0.0,1.7004118803589603,1.7004118803589603
Clyde Drexler,4,8,0.8282154697363062,0.0,1.6976038660112218,1.6976038660112218
Heather Morris,24,8,0.8280010078690531,0.0,1.6973894041439685,1.6973894041439685
Giselle Fernandez,2,8,0.8223594842443451,0.0,1.6917478805192605,1.6917478805192605
Phaedra Parks,33,8,0.8214521681118377,0.0,1.6908405643867532,1.6908405643867532
Vivica A. Fox,3,8,0.8123045267061555,0.0,1.681692922981071,1.681692922981071
Cody Simpson,18,9,0.7952272391370941,0.0,1.6646156354120096,1.6646156354120096
Mary Lou Retton,27,9,0.7946798207277853,0.0,1.6640682170027008,1.6640682170027008
Nick Lachey,25,9,0.7804261332336471,0.0,1.6498145295085624,1.6498145295085624
Doug Flutie,22,9,0.7723536590153202,0.0,1.6417420552902358,1.6417420552902358
Sailor Brinkley-Cook,28,9,0.7659077365348124,0.0,1.635296132809728,1.635296132809728
Kareem Abdul-Jabbar,26,8,0.7636467808145531,0.0,1.6330351770894684,1.6330351770894684
Kate Gosselin,10,8,0.7625553292016932,0.0,1.6319437254766087,1.6319437254766087
Paula Deen,21,9,0.7579215378515026,0.0,1.6273099341264181,1.6273099341264181
Adam Carolla,6,9,0.7304588587006821,0.0,1.5998472549755975,1.5998472549755975
Gavin DeGraw,14,9,0.7276522181299646,0.0,1.59704061440488,1.59704061440488
Amber Rose,23,9,0.725908387202992,0.0,1.5952967834779075,1.5952967834779075
Jeannie Mai,29,9,0.7241751701916861,0.0,1.5935635664666017,1.5935635664666017
"Mike ""The Miz"" Mizanin",30,9,0.722482428544621,0.0,1.5918708248195363,1.5918708248195363
Mauricio Umansky,32,9,0.7176980100642592,0.0,1.5870864063391745,1.5870864063391745
Jen Affleck,34,9,0.711906182947403,0.0,1.5812945792223185,1.5812945792223185
Jonathan Bennett,19,9,0.7008088022903546,0.0,1.57019719856527,1.57019719856527
Erika Jayne,24,9,0.6980787793516133,0.0,1.5674671756265288,1.5674671756265288
Brooks Nader,33,9,0.6884488481797916,0.0,1.557837244454707,1.557837244454707
Leeza Gibbons,4,9,0.6869289672246734,0.0,1.556317363499589,1.556317363499589
Jordin Sparks,31,9,0.6678873791304781,0.0,1.5372757754053936,1.5372757754053936
Chynna Phillips,13,9,0.6624451584971329,0.0,1.5318335547720485,1.5318335547720485
Sugar Ray Leonard,12,9,0.661820658293021,0.0,1.5312090545679364,1.5312090545679364
Floyd Mayweather Jr. ,5,9,0.6575990811071749,0.0,1.5269874773820904,1.5269874773820904
Harry Hamlin,3,9,0.6568360453864075,0.0,1.526224441661323,1.526224441661323
Tatum O'Neal,2,9,0.6514883577238949,0.0,1.5208767539988104,1.5208767539988104
Rocco DiSpirito,7,9,0.647789652383297,0.0,1.5171780486582125,1.5171780486582125
Monica Aldama,29,10,0.6289826073202988,0.0,1.4983710035952142,1.4983710035952142
D. L. Hughley,16,9,0.6274873559200812,0.0,1.4968757521949967,1.4968757521949967
Christina Milian,17,9,0.5994855495971498,0.0,1.4688739458720654,1.4688739458720654
Veron Davis,29,11,0.5971729302921553,0.0,1.4665613265670707,1.4665613265670707
Jessie James Decker,31,10,0.594481869575864,0.0,1.4638702658507796,1.4638702658507796
Suzanne Somers,20,9,0.593715049893073,0.0,1.4631034461679886,1.4631034461679886
The Situation,11,9,0.5914849177277489,0.0,1.4608733140026644,1.4608733140026644
Aiden Turner,10,9,0.560181894398306,0.0,1.4295702906732215,1.4295702906732215
Tinashe,27,10,0.5588510861363436,0.0,1.428239482411259,1.428239482411259
Sasha Pieterse,25,10,0.5494928910414865,0.0,1.418881287316402,1.418881287316402
Shandi Finnessey,4,10,0.544452621479963,0.0,1.4138410177548786,1.4138410177548786
Kristin Cavallari,13,10,0.5438612476010867,0.0,1.4132496438760023,1.4132496438760023
Mira Sorvino,32,10,0.5351755548245525,0.0,1.404563951099468,1.404563951099468
Sherri Sheperd,14,10,0.533015145774252,0.0,1.4024035420491674,1.4024035420491674
Kenya Moore,30,10,0.5280022894169463,0.0,1.3973906856918616,1.3973906856918616
Wayne Newton,5,10,0.5196613314005434,0.0,1.389049727675459,1.389049727675459
Betsey Johnson,19,10,0.4945975822909527,0.0,1.3639859785658681,1.3639859785658681
Joseph Baena,31,11,0.4941989241538095,0.0,1.363587320428725,1.363587320428725
Michael Sam,20,10,0.49062299548945176,0.0,1.3600113917643673,1.3600113917643673
Bristol Palin,15,9,0.4889191908005661,0.0,1.3583075870754815,1.3583075870754815
Margaret Cho,11,10,0.48596476949287026,0.0,1.3553531657677858,1.3553531657677858
Steve Guttenberg,6,10,0.483740767364063,0.0,1.3531291636389784,1.3531291636389784
Buzz Aldrin,10,10,0.48130145921930007,0.0,1.3506898554942155,1.3506898554942155
Scott Hoying,34,10,0.4792811207894754,0.0,1.348669517064391,1.348669517064391
Mr. T,24,10,0.4746160643670206,0.0,1.3440044606419361,1.3440044606419361
Marla Maples,22,10,0.4656940297052251,0.0,1.3350824259801406,1.3350824259801406
Chuck Liddell,9,11,0.46308675487317824,0.0,1.3324751511480937,1.3324751511480937
Johnny Damon,26,9,0.4573320740196191,0.0,1.3267204702945345,1.3267204702945345
Steve Wozniak,8,10,0.45678764344100153,0.0,1.326176039715917,1.326176039715917
Lisa Vanderpump,16,10,0.45057407902597657,0.0,1.319962475300892,1.319962475300892
Gary Busey,21,10,0.44436700656651484,0.0,1.3137554028414304,1.3137554028414304
Derek Fisher,25,11,0.4424391848022997,0.0,1.3118275810772153,1.3118275810772153
Helio Castroneves,15,10,0.4371965941022436,0.0,1.3065849903771591,1.3065849903771591
Valerie Harper,17,10,0.43477386809820145,0.0,1.304162264373117,1.304162264373117
Wendy Williams,12,10,0.42844807861184286,0.0,1.2978364748867584,1.2978364748867584
Eric Roberts,33,10,0.4254311399119949,0.0,1.2948195361869104,1.2948195361869104
Billy Dee Williams,18,10,0.42464211910735744,0.0,1.2940305153822729,1.2940305153822729
Holly Madison,8,11,0.42457029655852596,0.0,1.2939586928334414,1.2939586928334414
Lamar Odom,28,10,0.414048082607656,0.0,1.2834364788825714,1.2834364788825714
Jamie Anderson,26,10,0.41300611728434616,0.0,1.2823945135592616,1.2823945135592616
Jack Wagner,14,11,0.4110289665050449,0.0,1.2804173627799604,1.2804173627799604
Mike Catherwood,12,11,0.40998698931364164,0.0,1.279375385588557,1.279375385588557
Jesse Metcalfe,29,12,0.4095480320240296,0.0,1.278936428298945,1.278936428298945
Reginald VelJohnson,33,10,0.4025019666167326,0.0,1.271890362891648,1.271890362891648
Randy Couture,19,11,0.40084155324859105,0.0,1.2702299495235065,1.2702299495235065
Shanna Moakler,3,10,0.3991459563038586,0.0,1.268534352578774,1.268534352578774
Vanilla Ice,23,10,0.3877380149304358,0.0,1.2571264112053513,1.2571264112053513
Hilaria Baldwin,34,11,0.38403580779268753,0.0,1.2534242040676031,1.2534242040676031
Nancy McKeon,27,11,0.38136953955434355,0.0,1.250757935829259,1.250757935829259
Charo,24,11,0.3801649846355656,0.0,1.249553380910481,1.249553380910481
Tavis Smiley,19,12,0.3782809009835336,0.0,1.247669297258449,1.247669297258449
Bill Nye,17,11,0.36993989079839035,0.0,1.2393282870733058,1.2393282870733058
Drew Lachey,15,11,0.36567935475826435,0.0,1.2350677510331798,1.2350677510331798
Mischa Barton,22,11,0.36290567807286495,0.0,1.2322940743477804,1.2322940743477804
Tucker Carlson,3,11,0.3598020280941093,0.0,1.2291904243690248,1.2291904243690248
Albert Reed,5,11,0.35308121858502517,0.0,1.2224696148599405,1.2224696148599405
Denise Richards,8,12,0.3502316555113044,0.0,1.21962005178622,1.21962005178622
Adrian Peterson,32,11,0.3450332210566316,0.0,1.214421617331547,1.214421617331547
Danelle Umstead,27,12,0.3409499516135633,0.0,1.2103383478884788,1.2103383478884788
Ray Lewis,28,11,0.3404595290782305,0.0,1.209847925353146,1.209847925353146
Elisabetta Canalis,13,11,0.33840444683790694,0.0,1.2077928431128224,1.2077928431128224
Charlotte McKinney,20,11,0.3353239819307349,0.0,1.2047123782056504,1.2047123782056504
Babyface,23,11,0.3350335277595376,0.0,1.2044219240344531,1.2044219240344531
Rick Perry,23,12,0.3329978527725973,0.0,1.2023862490475128,1.2023862490475128
Metta World Peace (Ron),13,12,0.3282096316363673,0.0,1.1975980279112828,1.1975980279112828
Monica Seles,6,11,0.3267776186038319,0.0,1.1961660148787474,1.1961660148787474
Matt James,30,12,0.3205794669027248,0.0,1.1899678631776403,1.1899678631776403
Michael Bolton,11,11,0.3185367308341326,0.0,1.187925127109048,1.187925127109048
Wynonna Judd,16,11,0.31747380664170627,0.0,1.1868622029166218,1.1868622029166218
Martina Navratilova,14,12,0.3168255780324089,0.0,1.1862139743073243,1.1862139743073243
Redfoo,20,12,0.3151508783591412,0.0,1.1845392746340566,1.1845392746340566
David Hasselhoff,11,12,0.31499004745439535,0.0,1.1843784437293108,1.1843784437293108
Shannen Doherty,10,11,0.31406934469626424,0.0,1.1834577409711797,1.1834577409711797
Selma Blair,31,12,0.3130598251304316,0.0,1.182448221405347,1.182448221405347
Debi Mazar,9,12,0.31283879907274453,0.0,1.18222719534766,1.18222719534766
Penn Jillette,6,12,0.3083002352050018,0.0,1.1776886314799173,1.1776886314799173
Victor Espinoza,21,12,0.305851487419567,0.0,1.1752398836944824,1.1752398836944824
Kim Kardashian,7,11,0.3055182913098747,0.0,1.1749066875847902,1.1749066875847902
Josie Maran,5,12,0.3053430118795353,0.0,1.1747314081544507,1.1747314081544507
Paulina Porizkova,4,11,0.3051236451115071,0.0,1.1745120413864225,1.1745120413864225
Nikki Glaser,27,13,0.3017874441834387,0.0,1.1711758404583543,1.1711758404583543
Sean Avery,18,11,0.29753385016376155,0.0,1.166922246438677,1.166922246438677
Lauren Jauregui,34,12,0.29598729766331866,0.0,1.165375693938234,1.165375693938234
Keyshawn Johnson,17,12,0.29589816769054766,0.0,1.1652865639654633,1.1652865639654633
Mary Wilson,28,12,0.29448425114629145,0.0,1.1638726474212069,1.1638726474212069
Geraldo Rivera,22,12,0.2885229656177826,0.0,1.1579113618926982,1.1579113618926982
Diana Nyad,18,12,0.286404196806788,0.0,1.1557925930817035,1.1557925930817035
Debbie Gibson,25,12,0.28545634943380693,0.0,1.1548447457087225,1.1548447457087225
Baron Davis,34,13,0.28129876769010176,0.0,1.1506871639650171,1.1506871639650171
Chris Kattan,24,12,0.28055174835989094,0.0,1.1499401446348063,1.1499401446348063
Dorothy Hamill,16,12,0.2791482149087717,0.0,1.1485366111836872,1.1485366111836872
Belinda Carlisle,8,13,0.2741258754151581,0.0,1.1435142716900737,1.1435142716900737
Jeffrey Ross,7,13,0.26973683430107104,0.0,1.1391252305759865,1.1391252305759865
Barbara Corcoran,25,13,0.2693679356263141,0.0,1.1387563319012295,1.1387563319012295
Misty May-Treanor,7,10,0.2690232840194846,0.0,1.1384116802944,1.1384116802944
Pamela Anderson,15,13,0.26677370518595755,0.0,1.1361621014608732,1.1361621014608732
Kim Zolciak-Biermann,21,11,0.2665641149844078,0.0,1.1359525112593234,1.1359525112593234
Tom DeLay,9,13,0.26516277559513096,0.0,1.1345511718700465,1.1345511718700465
Tyson Beckford,32,12,0.2625383988923969,0.0,1.1319267951673124,1.1319267951673124
Joey Fatone,15,12,0.2603775091413294,0.0,1.129765905416245,1.129765905416245
Lolo Jones,19,13,0.25813579937389025,0.0,1.1275241956488058,1.1275241956488058
Tori Spelling,33,12,0.25235864698921456,0.0,1.12174704326413,1.12174704326413
Cheryl Ladd,31,14,0.2472752523753978,0.0,1.1166636486503132,1.1166636486503132
Melanie C,30,11,0.24476167267059606,0.0,1.1141500689455115,1.1141500689455115
Corey Feldman,34,13,0.24427863145497844,0.0,1.113667027729894,1.113667027729894
Anna Delvey,33,12,0.2417989773740337,0.0,1.1111873736489493,1.1111873736489493
Jake T. Austin,23,13,0.2388278527544806,0.0,1.108216249029396,1.108216249029396
Ted McGinley,7,12,0.23557715671520194,0.0,1.1049655529901174,1.1049655529901174
Chaka Khan,21,13,0.23501135837982715,0.0,1.1043997546547426,1.1043997546547426
Brian Austin Green,30,13,0.212932087382182,0.0,1.0823204836570974,1.0823204836570974
Anne Heche,29,13,0.21109822162126873,0.0,1.0804866178961843,1.0804866178961843
Kathy Ireland,9,14,0.2072812564984283,0.0,1.0766696527733437,1.0766696527733437
Sam Champion,31,13,0.20545069428026497,0.0,1.0748390905551806,1.0748390905551806
Jamie Lynn Spears,32,13,0.19094749376956258,0.0,1.0603358900444781,1.0603358900444781
Christine Chiu,30,14,0.19026018082057494,0.0,1.0596485770954904,1.0596485770954904
Carole Baskin,29,14,0.18292073206730464,0.0,1.0523091283422201,1.0523091283422201
Ashley Hamiliton,9,16,0.18279354512591856,0.0,1.052181941400834,1.052181941400834
Macy Gray,9,15,0.18004598199330576,0.0,1.0494343782682212,1.0494343782682212
Matt Walsh,32,14,0.17437899597482007,0.0,1.0437673922497355,1.0437673922497355
Charles Oakley,29,15,0.15584836819843603,0.0,1.0252367644733515,1.0252367644733515
Martin Kove,30,15,0.1471894192294929,0.0,1.0165778155044083,1.0165778155044083
Teresa Giudice,31,15,0.12109446375927412,0.0,0.9904828600341896,0.9904828600341896
Jason Lewis,31,16,0.10232112855344017,0.0,0.9717095248283556,0.9717095248283556
